{"$schema":"http://schema.management.azure.com/schemas/2015-01-01/deploymentTemplate.json#","contentVersion":"1.0.0.0","parameters":{"onprem":{"type":"string"},"lh_project4":{"type":"string"}},"variables":{},"resources":[{"name":"transform_data","type":"pipelines","apiVersion":"2018-06-01","properties":{"activities":[{"name":"Dataflow1","type":"RefreshDataflow","dependsOn":[{"activity":"Copy data1","dependencyConditions":["Succeeded"]}],"policy":{"timeout":"0.12:00:00","retry":0,"retryIntervalInSeconds":30,"secureOutput":false,"secureInput":false},"typeProperties":{"dataflowId":"272a452b-9aa8-4103-b579-a45c1304b14e","workspaceId":"16d832b4-56b6-4659-9573-5cc5b99c10e3","notifyOption":"NoNotification","dataflowType":"Dataflow-Gen2"}},{"name":"Copy data1","type":"Copy","dependsOn":[],"policy":{"timeout":"0.12:00:00","retry":0,"retryIntervalInSeconds":30,"secureOutput":false,"secureInput":false},"typeProperties":{"source":{"type":"DelimitedTextSource","storeSettings":{"type":"FileServerReadSettings","recursive":true,"modifiedDatetimeStart":{"value":"@formatDateTime(utcNow(), 'yyyy-MM-ddT00:00:00Z')","type":"Expression"},"modifiedDatetimeEnd":{"value":"@formatDateTime(addSeconds(startOfDay(addDays(utcNow(), 1)), -1), 'yyyy-MM-ddTHH:mm:ssZ')","type":"Expression"},"wildcardFolderPath":"Dataset","wildcardFileName":"*.csv","enablePartitionDiscovery":false},"formatSettings":{"type":"DelimitedTextReadSettings"},"datasetSettings":{"annotations":[],"type":"DelimitedText","typeProperties":{"location":{"type":"FileServerLocation"},"columnDelimiter":",","escapeChar":"\\","firstRowAsHeader":true,"quoteChar":"\""},"schema":[],"externalReferences":{"connection":"[parameters('onprem')]"}}},"sink":{"type":"DelimitedTextSink","storeSettings":{"type":"LakehouseWriteSettings"},"formatSettings":{"type":"DelimitedTextWriteSettings","quoteAllText":true,"fileExtension":".txt"},"datasetSettings":{"annotations":[],"linkedService":{"name":"lh_project4","properties":{"annotations":[],"type":"Lakehouse","typeProperties":{"workspaceId":"16d832b4-56b6-4659-9573-5cc5b99c10e3","artifactId":"[parameters('lh_project4')]","rootFolder":"Files"}}},"type":"DelimitedText","typeProperties":{"location":{"type":"LakehouseLocation","folderPath":"landingData"},"columnDelimiter":",","escapeChar":"\\","firstRowAsHeader":true,"quoteChar":"\""},"schema":[]}},"enableStaging":false,"translator":{"type":"TabularTranslator","typeConversion":true,"typeConversionSettings":{"allowDataTruncation":true,"treatBooleanAsNumber":false}}}},{"name":"Notebook1","type":"TridentNotebook","dependsOn":[{"activity":"Dataflow1","dependencyConditions":["Succeeded"]}],"policy":{"retry":0,"retryIntervalInSeconds":30,"secureOutput":false,"secureInput":false},"typeProperties":{"notebookId":"9ca6821c-a493-457a-acec-9c5cce5855da","workspaceId":"16d832b4-56b6-4659-9573-5cc5b99c10e3"}},{"name":"Office 365 Outlook1","type":"Office365Outlook","dependsOn":[{"activity":"Notebook1","dependencyConditions":["Succeeded"]}],"typeProperties":{"inputs":{"method":"post","path":"/v2/Mail","body":{"To":"aniketgupta00077@gmail.com","Subject":"Pipeline status","Body":"<p>Pipeline succeded!</p>\n<p><br></p>\n<p>Pipeline ID: @{pipeline().Pipeline}</p>\n<p></p>","Sensitivity":"","Importance":"Normal"}}}}],"lastModifiedByObjectId":"16d6a5fb-6e5c-4d96-b4d8-4594abd54526","lastPublishTime":"2025-05-06T23:58:40Z"},"dependsOn":[]}]}